,dif_log_pbi,dif_log_ipc
dif_log_pbi,0.0034987825364550668,-0.0027514027474427427
dif_log_ipc,-0.0027514027474427427,0.028975420976887618
